{
    "model_name": "dt",
    "accuracy": 0.770949720670391,
    "precision": 0.7714396218306832,
    "recall": 0.770949720670391,
    "f1_score": 0.7711703785933829,
    "prediction_time_sec": 0.0008156299591064453,
    "confusion_matrix": [
        [
            84,
            21
        ],
        [
            20,
            54
        ]
    ],
    "classification_report": {
        "0": {
            "precision": 0.8076923076923077,
            "recall": 0.8,
            "f1-score": 0.8038277511961722,
            "support": 105.0
        },
        "1": {
            "precision": 0.72,
            "recall": 0.7297297297297297,
            "f1-score": 0.7248322147651007,
            "support": 74.0
        },
        "accuracy": 0.770949720670391,
        "macro avg": {
            "precision": 0.7638461538461538,
            "recall": 0.7648648648648648,
            "f1-score": 0.7643299829806365,
            "support": 179.0
        },
        "weighted avg": {
            "precision": 0.7714396218306832,
            "recall": 0.770949720670391,
            "f1-score": 0.7711703785933829,
            "support": 179.0
        }
    }
}