{
    "model_name": "dt",
    "accuracy": 0.7988826815642458,
    "precision": 0.8026781890462037,
    "recall": 0.7988826815642458,
    "f1_score": 0.7938129502869702,
    "prediction_time_sec": 0.0020029544830322266,
    "confusion_matrix": [
        [
            95,
            10
        ],
        [
            26,
            48
        ]
    ],
    "classification_report": {
        "0": {
            "precision": 0.7851239669421488,
            "recall": 0.9047619047619048,
            "f1-score": 0.8407079646017699,
            "support": 105.0
        },
        "1": {
            "precision": 0.8275862068965517,
            "recall": 0.6486486486486487,
            "f1-score": 0.7272727272727273,
            "support": 74.0
        },
        "accuracy": 0.7988826815642458,
        "macro avg": {
            "precision": 0.8063550869193503,
            "recall": 0.7767052767052767,
            "f1-score": 0.7839903459372486,
            "support": 179.0
        },
        "weighted avg": {
            "precision": 0.8026781890462037,
            "recall": 0.7988826815642458,
            "f1-score": 0.7938129502869702,
            "support": 179.0
        }
    }
}