{
    "model_name": "dt",
    "accuracy": 0.776536312849162,
    "precision": 0.7775625672631977,
    "recall": 0.776536312849162,
    "f1_score": 0.7769517261137374,
    "prediction_time_sec": 0.0009877681732177734,
    "confusion_matrix": [
        [
            84,
            21
        ],
        [
            19,
            55
        ]
    ],
    "classification_report": {
        "0": {
            "precision": 0.8155339805825242,
            "recall": 0.8,
            "f1-score": 0.8076923076923078,
            "support": 105.0
        },
        "1": {
            "precision": 0.7236842105263158,
            "recall": 0.7432432432432432,
            "f1-score": 0.7333333333333334,
            "support": 74.0
        },
        "accuracy": 0.776536312849162,
        "macro avg": {
            "precision": 0.76960909555442,
            "recall": 0.7716216216216216,
            "f1-score": 0.7705128205128207,
            "support": 179.0
        },
        "weighted avg": {
            "precision": 0.7775625672631977,
            "recall": 0.776536312849162,
            "f1-score": 0.7769517261137374,
            "support": 179.0
        }
    }
}