{
    "model_name": "lr",
    "accuracy": 0.8044692737430168,
    "precision": 0.8036302426415409,
    "recall": 0.8044692737430168,
    "f1_score": 0.8027693955463191,
    "prediction_time_sec": 0.0,
    "confusion_matrix": [
        [
            91,
            14
        ],
        [
            21,
            53
        ]
    ],
    "classification_report": {
        "0": {
            "precision": 0.8125,
            "recall": 0.8666666666666667,
            "f1-score": 0.8387096774193549,
            "support": 105.0
        },
        "1": {
            "precision": 0.7910447761194029,
            "recall": 0.7162162162162162,
            "f1-score": 0.7517730496453902,
            "support": 74.0
        },
        "accuracy": 0.8044692737430168,
        "macro avg": {
            "precision": 0.8017723880597014,
            "recall": 0.7914414414414415,
            "f1-score": 0.7952413635323725,
            "support": 179.0
        },
        "weighted avg": {
            "precision": 0.8036302426415409,
            "recall": 0.8044692737430168,
            "f1-score": 0.8027693955463191,
            "support": 179.0
        }
    }
}